<?xml version="1.0" encoding="UTF-8"?>
<!DOCTYPE mapper PUBLIC "-//mybatis.org//DTD Mapper 3.0//EN" "http://mybatis.org/dtd/mybatis-3-mapper.dtd">
<mapper namespace="reply">
	<select id="selectAll" resultType="reply" parameterType="String">
		SELECT * FROM reply WHERE b_no=#{bNo} ORDER BY days
	</select>
	<select id="selectOne" parameterType="int" resultType="reply">
		SELECT * FROM reply WHERE no=#{no}
	</select>
	<insert id="insertOne" parameterType="reply">
		INSERT INTO reply VALUES (sequence_reply_no.NEXTVAL, #{bNo}, #{contents}, TO_CHAR(SYSDATE, 'yyyy/mm/dd hh24/mi/ss'), #{id})
	</insert>
	<update id="updateOne" parameterType="reply">
		UPDATE reply SET contents=#{contents},  WHERE no=#{no}
	</update>
	<delete id="deleteOne" parameterType="HashMap">
		DELETE FROM reply WHERE no=#{no} AND id=#{id}
	</delete> 
</mapper>