<?xml version="1.0" encoding="UTF-8"?>
<!DOCTYPE configuration PUBLIC "-//mybatis.org//DTD Config 3.0//EN" "dtd/mybatis-3-config.dtd">
<configuration>
	<properties resource="conf/dbInfo.properties"/>
	<typeAliases>
		<typeAlias type="model.domain.BoardDTO" alias="board"/>
		<typeAlias type="model.domain.ReplyDTO" alias="reply"/>
		<typeAlias type="model.domain.StudentsDTO" alias="students"/>
		<typeAlias type="model.domain.UsersDTO" alias="users"/>
	</typeAliases>
	<environments default="development">
		<environment id="development">
			<transactionManager type="JDBC"/>
			<dataSource type="POOLED">
				<property name="driver" value="${jdbc.driver}"/>
				<property name="url" value="${jdbc.url}"/>
				<property name="username" value="${jdbc.id}"/>
				<property name="password" value="${jdbc.pwd}"/>
				<!-- Connection 개수 설정  -->
				<property name="poolMaximumActiveConnections" value="10"/>
				<property name="poolMaximumIdleConnections" value="5"/>
			</dataSource>
		</environment>
	</environments>
	<mappers>
		<mapper resource="conf/board.xml"/>
		<mapper resource="conf/reply.xml"/>
		<mapper resource="conf/students.xml"/>
		<mapper resource="conf/users.xml"/>
	</mappers>
</configuration>