<?xml version="1.0" encoding="UTF-8"?>
<!DOCTYPE mapper PUBLIC "-//mybatis.org//DTD Mapper 3.0//EN" "http://mybatis.org/dtd/mybatis-3-mapper.dtd">
<mapper namespace="students">
	<select id="selectAll" resultType="students">
		SELECT * FROM students
	</select>
	<select id="selectOne" parameterType="String" resultType="students">
		SELECT * FROM students WHERE code=upper(#{code})
	</select>
	<insert id="insertOne" parameterType="students">
		INSERT INTO students VALUES (upper(#{code}), #{pw}, #{name}, #{company}, #{email})
	</insert>
	<update id="updateOne" parameterType="students">
		UPDATE students 
		SET pw=#{pw}, name=#{name}, company=#{company}, email=#{email}
		WHERE code=upper(#{code})
	</update>
	<delete id="deleteOne" parameterType="String">
		DELETE FROM students WHERE code=#{code}
	</delete>
	<select id="login" parameterType="HashMap" resultType="students">
		SELECT * FROM students WHERE code=upper(#{code}) AND pw=#{pw} 
	</select>
</mapper>